title , movie_companies,2609129
title , cast_info,36244344
cast_info , movie_companies,80274241
char_name , cast_info,17571519
role_type , cast_info,36244344
company_name , movie_companies,2609129
company_type , movie_companies,2609129
link_type , movie_link,29997
movie_link , title,29997
title , movie_keyword,4523930
movie_keyword , keyword,4523930
movie_link , movie_keyword,288192
movie_link , movie_companies,148115
movie_keyword , movie_companies,34863638
title , movie_info,14835720
title , movie_info_idx,1380035
movie_info , info_type,14835720
movie_info_idx , info_type,1380035
movie_companies , movie_info,67371414
movie_companies , movie_info_idx,4073078
movie_info , movie_info_idx,20885030
info_type , movie_info,14835720
kind_type , title,2528312
movie_info_idx , title,1380035
info_type , movie_info_idx,1380035
movie_info , movie_info_idx,20885030
movie_info_idx , movie_companies,4073078
movie_keyword , movie_info,235420417
movie_keyword , movie_info_idx,10424626
title , aka_title,361379
movie_keyword , aka_title,6547234
movie_info , aka_title,11383840
movie_companies , aka_title,1946320
aka_name , name,901343
name , cast_info,36244344
aka_name , cast_info,36417493
cast_info , movie_keyword,215765477
cast_info , movie_info,460456073
cast_info , movie_info_idx,40911741
info_type , movie_info,14835720
info_type , movie_info_idx,1380035
title , complete_cast,135086
movie_keyword , complete_cast,2171367
cast_info , complete_cast,5212164
comp_cast_type , complete_cast,135086
comp_cast_type , complete_cast,135086
movie_link , movie_info,883209
movie_info , complete_cast,3688793
movie_companies , complete_cast,612638
complete_cast , movie_info_idx,286599
movie_link , complete_cast,4849
name , person_info,2963664
cast_info , person_info,272160362
info_type , person_info,2963664
title , movie_keyword,4523930
movie_link , title,29997
movie_link , title,29997
info_type , movie_info_idx,1380035
title , movie_info_idx,1380035
kind_type , title,2528312
company_name , movie_companies,2609129
title , movie_companies,2609129
movie_link , movie_info_idx,62670
movie_link , movie_companies,148115
movie_info_idx , movie_companies,4073078
info_type , movie_info_idx,1380035
title , movie_info_idx,1380035
kind_type , title,2528312
company_name , movie_companies,2609129
title , movie_companies,2609129
movie_link , movie_info_idx,78465
movie_link , movie_companies,348413
movie_info_idx , movie_companies,4073078
info_type , person_info,2963664
person_info , aka_name,4536141
cast_info , movie_link,1845530
aka_name , name,901343
name , cast_info,36244344
aka_name , cast_info,36417493
aka_name , name,901343
aka_name , cast_info,36417493